Q26,Q27
Moderately important,"I think this again depends on the research question and aims. If there is a clear reason to run a sensitivity analysis then yes, this should be reported. But I could imagine in some cases, this might not be needed."
Moderately important,It may be described in supplimentary materials.
Moderately important,"This is so contextual, again I would probably say 'have they considered the need for sensitivity analyses and reported if necessary'"
Extremely important,"Reporting the total number of studies included in the meta-analysis is important because it allows readers to assess the comprehensiveness of the review and the size of the evidence base. This information is also essential for assessing the generalizability of the findings.
"
Moderately important,"it depends on the case, if there are several possible outliers it becomes important"
Very important,Important to check which factors influence the results most
Very important,Check the robustness of the model/parameters
Very important,"For me sensitivity analysis are totally different from publication bias.

sensitivity analysis are for testing the hypothesis of the model structure, impact of missing data, type of inference (bayesian/frequentists), .... If the authors do not present sensitivity analysis, I could consider it as a kind of p-hacking, perhaps involving debatable model choices"
Slightly important,Same comments as the last question
Moderately important,This may not be applicable to all reviews but is important to include where relevant
Extremely important,"If it applicable, then should be reported. Otherwise, no."
Extremely important,"Sensitivity analyses, to me ,is more important than publication bias test"
Moderately important,I think this makes much more sense than the publication bias tests. But it depends on the context so it is not motivated in all cases.
Extremely important,"Formualtion of the question could be clearer ""report a sensitivity analysis"" or perhaps ""report details of methods for and outcomes of sensitivity analysis""."
Slightly important,Depends on the data and if there are indications a small number of studies might be mighty influential
Extremely important,"This and the bias measure are both essential parts of the theory of meta-analysis. Most of the things which have gone before are more broadly applicable to statistical projects, but this gets to the core of what meta-analysis tries to do by synthesising studies."
Extremely important,The sensitivity analysis is important to test for the reliability of the obtained results.
Slightly important,sensitivity to what? too vague...
Extremely important,With the provisos indicated for other questions
Very important,I am not sure what this means 'sensitivity analysis' - sensitivity of what? this could be important or not important at all depending on the definition of this
Moderately important,"In a way, 'sensitivity' is addressed by measures such as cross-validation, it just may not be labelled as such. In any case, 'sensitivity analysis' needs to be clarified for what specific part of the meta-analysis (the dataset, the statistical model, other inputs, the literature search itself even) this applies to."
Very important,"I am confused why the item refers to ""sensitivity analysis IN ADDITION to a publication bias test"". These are often very different tests, and should be considered separately."
Slightly important,"Doesn't necessarily apply to all meta-analyses, so should have an ""if applicable""."
Very important,"
Conducting and reporting a sensitivity analysis in a meta-analysis is essential for the quality of the scientific report. This analysis assesses the robustness of the results against variations in methods, assumptions, or study inclusion criteria, providing a crucial measure of the soundness of the conclusions. It helps identify potential sources of bias or variability, thereby improving the credibility and transparency of the study. Furthermore, the findings from a sensitivity analysis can guide future research by highlighting areas of significant impact on the results. Authors should report this analysis along with tests for publication bias, detailing their methodology and its influence on the overall interpretation of the meta-analysis. This practice not only improves the quality of the report but also strengthens confidence in the validity and robustness of the study's findings."
Very important,If appropriate
Extremely important,"In meta-analysis, different estimate method may produce largely different results."
Slightly important,"Do all meta-analyses conduct sensitivity analyses? My guess is maybe not. So, if they didn't conduct one and therefore didn't report it, then does that count against them in some way?"
Very important,"The reason I chose very important,and not extremely important, is that I haven't conducted sensitivity analysis in my meta-analysis. From those I read, the presence of sensitivity analysis felt like a plus. An important plus, absolutely. But seeing that most reviews don't consider or include some basic steps in the systematic review and meta-analysis, sensitivity analysis is very important but it do not seem crucial."
Not at all important,"This lends itself to assessing the bias of the meta-analysis, not the reporting as such as it relates to the conduct of the analysis. Important to distinguish."
Moderately important,if ther eis sensitivity it is important. This is not always the case
Very important,"A sensitivity analysis is usually included in a meta-analysis because of uncertainty regarding the effectiveness or safety of an intervention.
Sensitivity analyses are purposed to gain insight and certainty about the validity of research findings reported."
Very important,i would be more specific and ask whether authors assessed the influence of residual confounding or biases on the meta-estimate
Extremely important,"sure you want to see the power of the analysis, for instance how sensitive the analysis is with regard to the inclusion or exclusion of certain criteria by which the data were stratified (sorted)"
Very important,"Here you may want to be a bit more specific about what the sensitivity analysis should be based on (e.g., critical appraisal assessment or other subgroups). Also, do you include for example fail-safe number analysis to test robustness here?"
Extremely important,"Sensitivity analyses provide valuable information because even the most detailed meta-analysis can let outside other sources of information. So, knowing which results are less or more sensitive to excluding information is crucial."
Moderately important,"In answering this question I am a little biased, because in a recent meta-analysis we tried to use the critical appraisal tool for study validity assessment proposed by Konno et al (2021) and that did not work out too well -- the tool was not very well fitted to the ecological field studies we were assessing, so reviewers using the tool were not very consistent in their assessment"
